{"sections":{"cart-items":{"type":"main-cart-items","settings":{"show_vendor":false,"padding_top":28,"padding_bottom":28}},"cart-footer":{"type":"main-cart-footer","blocks":{"subtotal":{"type":"subtotal","settings":{}},"buttons":{"type":"buttons","settings":{}}},"block_order":["subtotal","buttons"],"settings":{"show_cart_note":false}},"164622551233cc5a1f":{"type":"multicolumn","settings":{"title":"","image_width":"full","image_ratio":"adapt","column_alignment":"left","background_style":"primary","button_label":"","button_link":"","swipe_on_mobile":false,"color_scheme":"background-1","padding_top":0,"padding_bottom":68}},"1645539116ceffdc96":{"type":"collection-list","blocks":{"164553911674572ec8-0":{"type":"featured_collection","settings":{"collection":"marketing"}},"164553911674572ec8-1":{"type":"featured_collection","settings":{"collection":"stickers-and-labeling"}},"164553911674572ec8-2":{"type":"featured_collection","settings":{"collection":"office-stationary"}}},"block_order":["164553911674572ec8-0","164553911674572ec8-1","164553911674572ec8-2"],"settings":{"title":"","image_ratio":"adapt","color_scheme":"background-2","swipe_on_mobile":false,"show_view_all":false,"padding_top":68,"padding_bottom":48}}},"order":["cart-items","cart-footer","164622551233cc5a1f","1645539116ceffdc96"]}