{"sections":{"image_banner":{"type":"image-banner","blocks":{"heading":{"type":"heading","settings":{"heading":"Let your business bloom this spring!","heading_size":"large"}},"de0fd3fe-9161-4e1c-9660-9ce3b3c940b6":{"type":"text","settings":{"text":"We've got all your print needs covered.","text_style":"subtitle"}},"button":{"type":"buttons","settings":{"button_label_1":"Explore our products.","button_link_1":"shopify:\/\/collections\/all","button_style_secondary_1":false,"button_label_2":"","button_link_2":"","button_style_secondary_2":false}}},"block_order":["heading","de0fd3fe-9161-4e1c-9660-9ce3b3c940b6","button"],"settings":{"image":"shopify:\/\/shop_images\/4_SPRING_HERO_IMAGE.png","image_overlay_opacity":20,"image_height":"large","adapt_height_first_image":false,"desktop_content_position":"top-left","show_text_box":false,"desktop_content_alignment":"left","color_scheme":"background-1","mobile_content_alignment":"left","stack_images_on_mobile":false,"show_text_below":false}},"1663075177d9418cd4":{"type":"slideshow","disabled":true,"blocks":{"16630751777fb79b15-0":{"type":"slide","settings":{"image":"shopify:\/\/shop_images\/business_cards-1-2-Current_View.png","heading":"Business Cards","heading_size":"medium","subheading":"","button_label":"Check out our products","link":"","button_style_secondary":false,"box_align":"middle-left","show_text_box":false,"text_alignment":"left","image_overlay_opacity":0,"color_scheme":"inverse","text_alignment_mobile":"center"}},"16630751777fb79b15-1":{"type":"slide","settings":{"image":"shopify:\/\/shop_images\/custom_cards_1-2.png","heading":"Custom Cards","heading_size":"medium","subheading":"","button_label":"Check out our products","link":"","button_style_secondary":false,"box_align":"middle-left","show_text_box":false,"text_alignment":"left","image_overlay_opacity":20,"color_scheme":"background-1","text_alignment_mobile":"center"}},"55fe6a7d-373f-40a9-a8a8-e3c20909c96d":{"type":"slide","settings":{"image":"shopify:\/\/shop_images\/marketing_group_1-1-Current_View.png","heading":"We've got this.","heading_size":"medium","subheading":"We are committed to our customers – our team members work on your project every step of the way. We're not bots or automated, we're real people. We've got you!","button_label":"Check out our products","link":"","button_style_secondary":false,"box_align":"middle-left","show_text_box":true,"text_alignment":"left","image_overlay_opacity":0,"color_scheme":"background-1","text_alignment_mobile":"center"}}},"block_order":["16630751777fb79b15-0","16630751777fb79b15-1","55fe6a7d-373f-40a9-a8a8-e3c20909c96d"],"settings":{"layout":"full_bleed","slide_height":"medium","slider_visual":"dots","auto_rotate":true,"change_slides_speed":7,"show_text_below":true,"accessibility_info":"Slideshow about our brand"}},"1663078337b31aa185":{"type":"image-with-text","blocks":{"16630783375fec2193-0":{"type":"heading","settings":{"heading":"We've got this.","heading_size":"h1"}},"16630783375fec2193-1":{"type":"text","settings":{"text":"<p>We are committed to our customers – our team members work on your project every step of the way. We're not bots or automated, we're real people based in Atlantic Canada. <\/p><p>We've got you!<\/p>","text_style":"subtitle"}},"16630783375fec2193-2":{"type":"button","settings":{"button_label":"All products","button_link":"shopify:\/\/collections\/all"}}},"block_order":["16630783375fec2193-0","16630783375fec2193-1","16630783375fec2193-2"],"settings":{"image":"shopify:\/\/shop_images\/2_Executive_Letterhead_Mockup_aa22e7ac-bac8-42ff-8b8f-e5bdd2bed132.png","height":"adapt","desktop_image_width":"medium","layout":"image_first","desktop_content_position":"middle","desktop_content_alignment":"left","content_layout":"overlap","color_scheme":"accent-2","mobile_content_alignment":"left","padding_top":36,"padding_bottom":36}},"16630768243165939d":{"type":"multicolumn","disabled":true,"blocks":{"1663076824dc156a1f-0":{"type":"column","settings":{"image":"shopify:\/\/shop_images\/menu_bi_fold_mockup.png","title":"Bi-fold Menu","text":"<p>Lorem Ipsum<\/p>","link_label":"","link":""}},"b859eefa-489e-43b0-872e-4439597b7610":{"type":"column","settings":{"title":"Column","text":"<p>Pair text with an image to focus on your chosen product, collection, or blog post. Add details on availability, style, or even provide a review.<\/p>","link_label":"","link":""}},"48fa5356-6aed-4fd1-977e-47b0538a00e1":{"type":"column","settings":{"title":"Column","text":"<p>Pair text with an image to focus on your chosen product, collection, or blog post. Add details on availability, style, or even provide a review.<\/p>","link_label":"","link":""}},"1663076824dc156a1f-1":{"type":"column","settings":{"image":"shopify:\/\/shop_images\/cover_and_back_brochure.png","title":"Brochure","text":"<p>Lorem Ipsum<\/p>","link_label":"","link":""}},"dd85345f-1b28-4b2e-8ddd-29b41843442d":{"type":"column","settings":{"title":"Column","text":"<p>Pair text with an image to focus on your chosen product, collection, or blog post. Add details on availability, style, or even provide a review.<\/p>","link_label":"","link":""}},"1663076824dc156a1f-2":{"type":"column","settings":{"image":"shopify:\/\/shop_images\/rack_card_2.png","title":"Rack Card","text":"<p>Lorem Ipsum<\/p>","link_label":"","link":""}}},"block_order":["1663076824dc156a1f-0","b859eefa-489e-43b0-872e-4439597b7610","48fa5356-6aed-4fd1-977e-47b0538a00e1","1663076824dc156a1f-1","dd85345f-1b28-4b2e-8ddd-29b41843442d","1663076824dc156a1f-2"],"settings":{"title":"","image_width":"full","image_ratio":"adapt","column_alignment":"left","background_style":"none","button_label":"View more","button_link":"shopify:\/\/collections\/all","swipe_on_mobile":false,"color_scheme":"background-1","padding_top":36,"padding_bottom":36}},"rich_text":{"type":"rich-text","disabled":true,"blocks":{"heading":{"type":"heading","settings":{"heading":"We've Got This.","heading_size":"h1"}},"text":{"type":"text","settings":{"text":"<p>We are committed to our customers – our team members work on your project every step of the way. We're not bots or automated, we're real people. We've got you!<\/p>"}}},"block_order":["heading","text"],"settings":{"color_scheme":"background-1","full_width":true,"padding_top":52,"padding_bottom":52}},"collage":{"type":"collage","disabled":true,"blocks":{"df0cb2f8-8477-40ee-bdb2-aad02f04bbb6":{"type":"collection","settings":{"collection":"custom-cards"}},"collection-0":{"type":"collection","settings":{"collection":"office-stationary"}},"101efcb1-44c2-46cb-81f2-153722b4ee23":{"type":"collection","settings":{"collection":"business-cards"}}},"block_order":["df0cb2f8-8477-40ee-bdb2-aad02f04bbb6","collection-0","101efcb1-44c2-46cb-81f2-153722b4ee23"],"settings":{"heading":"","desktop_layout":"right","mobile_layout":"collage","color_scheme":"background-1","padding_top":44,"padding_bottom":0}},"164554748228b29cd6":{"type":"slideshow","blocks":{"1645547482cb9bf8ff-0":{"type":"slide","settings":{"image":"shopify:\/\/shop_images\/Stock_options-pencils-03_740ea386-acf2-4a64-b9c0-17aaed9bd5f8.png","heading":"","heading_size":"small","subheading":"","button_label":"","link":"","button_style_secondary":false,"box_align":"top-center","show_text_box":false,"text_alignment":"center","image_overlay_opacity":0,"color_scheme":"background-1","text_alignment_mobile":"center"}}},"block_order":["1645547482cb9bf8ff-0"],"settings":{"layout":"full_bleed","slide_height":"adapt_image","slider_visual":"counter","auto_rotate":false,"change_slides_speed":5,"show_text_below":false,"accessibility_info":"Image showing the thicker, executive stock, and thinner standard stock"}},"featured_collection":{"type":"featured-collection","settings":{"title":"","collection":"business-cards","products_to_show":2,"color_scheme":"background-1","show_view_all":false,"swipe_on_mobile":false,"image_ratio":"adapt","show_secondary_image":true,"show_vendor":false,"show_rating":false,"padding_top":48,"padding_bottom":0}},"1663080778293f1dbe":{"type":"featured-collection","settings":{"title":"","collection":"custom-cards","products_to_show":8,"color_scheme":"background-1","show_view_all":true,"swipe_on_mobile":false,"image_ratio":"adapt","show_secondary_image":false,"show_vendor":false,"show_rating":false,"padding_top":36,"padding_bottom":36}},"16462223882fbdea35":{"type":"rich-text","disabled":true,"blocks":{"38e7f828-7bcb-4337-8dd9-b124854a3b5c":{"type":"button","settings":{"button_label":"View all of our curated collections","button_link":"shopify:\/\/collections","button_style_secondary":true}},"c90f0328-c203-41b8-ad5c-22c1f1e88747":{"type":"text","disabled":true,"settings":{"text":"<p><a href=\"\/collections\" title=\"All collections\">View all of our curated collections<\/a><\/p>"}}},"block_order":["38e7f828-7bcb-4337-8dd9-b124854a3b5c","c90f0328-c203-41b8-ad5c-22c1f1e88747"],"settings":{"color_scheme":"background-1","full_width":true,"padding_top":16,"padding_bottom":48}},"16451882029f48b6a1":{"type":"multicolumn","blocks":{"1645188201aa072670-2":{"type":"column","settings":{"image":"shopify:\/\/shop_images\/design_services.png","title":"","text":"","link_label":"Design Services","link":"shopify:\/\/pages\/contact"}},"1645188201aa072670-1":{"type":"column","settings":{"image":"shopify:\/\/shop_images\/Custom_Quotes.png","title":"","text":"","link_label":"Custom Products","link":"shopify:\/\/pages\/contact"}},"78976a3d-a5d2-40b6-a87e-759765b24222":{"type":"column","settings":{"image":"shopify:\/\/shop_images\/digitalsolutionsservices2.jpg","title":"","text":"","link_label":"Web To Print Storefronts","link":"shopify:\/\/pages\/contact"}}},"block_order":["1645188201aa072670-2","1645188201aa072670-1","78976a3d-a5d2-40b6-a87e-759765b24222"],"settings":{"title":"","image_width":"half","image_ratio":"circle","column_alignment":"center","background_style":"none","button_label":"","button_link":"shopify:\/\/pages\/contact","swipe_on_mobile":true,"color_scheme":"background-1","padding_top":48,"padding_bottom":100}},"1645540675d0c715a9":{"type":"featured-blog","settings":{"heading":"Tips & Tricks","blog":"news","post_limit":2,"color_scheme":"accent-2","show_image":true,"show_date":false,"show_author":false,"show_view_all":true,"padding_top":48,"padding_bottom":48}}},"order":["image_banner","1663075177d9418cd4","1663078337b31aa185","16630768243165939d","rich_text","collage","164554748228b29cd6","featured_collection","1663080778293f1dbe","16462223882fbdea35","16451882029f48b6a1","1645540675d0c715a9"]}