{"sections":{"main":{"type":"main-page","custom_css":[".card--outline:not(.card--soft) {border: 0rem solid transparent !important;}",".product__media-list .product__modal-opener {border: 0rem solid transparent !important;}"],"settings":{"padding_top":48,"padding_bottom":0}},"1645198868a3308c27":{"type":"collapsible-content","disabled":true,"blocks":{"1645198867d94a77e9-0":{"type":"collapsible_row","settings":{"heading":"Business Cards","icon":"none","row_content":"<p><\/p><p><a href=\"https:\/\/acrobat.adobe.com\/link\/track?uri=urn:aaid:scds:US:1502ed9c-847c-3944-bbf5-e76d6be62e27\" target=\"_blank\" title=\"https:\/\/acrobat.adobe.com\/link\/track?uri=urn:aaid:scds:US:1502ed9c-847c-3944-bbf5-e76d6be62e27\">Horizontal Business Card<\/a><\/p><p><a href=\"https:\/\/acrobat.adobe.com\/link\/track?uri=urn:aaid:scds:US:e2092475-fe5c-340c-8e22-5474585332f2\" target=\"_blank\" title=\"https:\/\/acrobat.adobe.com\/link\/track?uri=urn:aaid:scds:US:e2092475-fe5c-340c-8e22-5474585332f2\">Vertical Business Card<\/a><\/p><p><\/p>","page":""}},"1645198867d94a77e9-1":{"type":"collapsible_row","settings":{"heading":"Office Stationery","icon":"none","row_content":"<p><\/p><p><a href=\"https:\/\/acrobat.adobe.com\/link\/track?uri=urn:aaid:scds:US:5376287d-67ae-30d2-a9e6-cd2b475b4c6d\" target=\"_blank\" title=\"https:\/\/acrobat.adobe.com\/link\/track?uri=urn:aaid:scds:US:5376287d-67ae-30d2-a9e6-cd2b475b4c6d\">No. 10 Windowed Envelope<\/a><\/p><p><a href=\"https:\/\/acrobat.adobe.com\/link\/track?uri=urn:aaid:scds:US:e6106c06-822a-3920-b14e-ca4aa3f34133\" target=\"_blank\" title=\"https:\/\/acrobat.adobe.com\/link\/track?uri=urn:aaid:scds:US:e6106c06-822a-3920-b14e-ca4aa3f34133\">No. 10 Envelope<\/a><\/p><p><a href=\"https:\/\/acrobat.adobe.com\/link\/track?uri=urn:aaid:scds:US:e04f65b1-e6cf-3b84-b061-e3f14eec669b\" target=\"_blank\" title=\"https:\/\/acrobat.adobe.com\/link\/track?uri=urn:aaid:scds:US:e04f65b1-e6cf-3b84-b061-e3f14eec669b\">8.5\" x 11\" Letterhead<\/a><\/p><p><a href=\"https:\/\/acrobat.adobe.com\/link\/track?uri=urn:aaid:scds:US:16bc5c6c-5140-3735-a0ef-ac9c97327fa8\" title=\"https:\/\/acrobat.adobe.com\/link\/track?uri=urn:aaid:scds:US:16bc5c6c-5140-3735-a0ef-ac9c97327fa8\">8.5\" x 11\" Letterhead with Bleed<\/a><\/p><p><\/p>","page":""}},"1645198867d94a77e9-2":{"type":"collapsible_row","settings":{"heading":"Custom Cards","icon":"none","row_content":"<p><\/p><p><a href=\"https:\/\/acrobat.adobe.com\/link\/track?uri=urn:aaid:scds:US:f1020606-dd8f-30d2-b6dc-bb146cdf520c\" target=\"_blank\" title=\"https:\/\/acrobat.adobe.com\/link\/track?uri=urn:aaid:scds:US:f1020606-dd8f-30d2-b6dc-bb146cdf520c\">Roll-Fold Brochures<\/a><\/p><p><a href=\"https:\/\/cdn.shopify.com\/s\/files\/1\/0568\/9989\/5428\/files\/8.5_X_11_Menu.pdf?v=1657804199\" target=\"_blank\" title=\"https:\/\/cdn.shopify.com\/s\/files\/1\/0568\/9989\/5428\/files\/8.5_X_11_Menu.pdf?v=1657804199\">8.5\" x 11\" Menu<\/a><\/p><p><a href=\"https:\/\/acrobat.adobe.com\/link\/track?uri=urn:aaid:scds:US:219ce1d4-7900-3570-b5ff-b7a7c913722f\" target=\"_blank\" title=\"https:\/\/acrobat.adobe.com\/link\/track?uri=urn:aaid:scds:US:219ce1d4-7900-3570-b5ff-b7a7c913722f\">6\" x 4\" Post Card<\/a><\/p><p><a href=\"https:\/\/acrobat.adobe.com\/link\/track?uri=urn:aaid:scds:US:1943a61f-d192-3c7f-9ba3-0bd47a177150\" target=\"_blank\" title=\"https:\/\/acrobat.adobe.com\/link\/track?uri=urn:aaid:scds:US:1943a61f-d192-3c7f-9ba3-0bd47a177150\">4\" x 9\" Rack Card<\/a><\/p><p><a href=\"https:\/\/acrobat.adobe.com\/link\/track?uri=urn:aaid:scds:US:fdb83dc7-9004-3bc8-912f-b59f59835a22\" title=\"https:\/\/acrobat.adobe.com\/link\/track?uri=urn:aaid:scds:US:fdb83dc7-9004-3bc8-912f-b59f59835a22\">9\" x 4\" Rack Card<\/a><\/p><p><\/p>","page":""}},"1645198867d94a77e9-3":{"type":"collapsible_row","settings":{"heading":"Marketing","icon":"none","row_content":"<p><\/p><p><a href=\"https:\/\/cdn.shopify.com\/s\/files\/1\/0568\/9989\/5428\/files\/1.5_Circle_Sticker.pdf?v=1657804199\" target=\"_blank\" title=\"https:\/\/cdn.shopify.com\/s\/files\/1\/0568\/9989\/5428\/files\/1.5_Circle_Sticker.pdf?v=1657804199\">1.5\" Circle Stickers<\/a><\/p><p><a href=\"https:\/\/cdn.shopify.com\/s\/files\/1\/0568\/9989\/5428\/files\/3_Circle_Sticker.pdf?v=1657804199\" target=\"_blank\" title=\"https:\/\/cdn.shopify.com\/s\/files\/1\/0568\/9989\/5428\/files\/3_Circle_Sticker.pdf?v=1657804199\">3\" Circle Stickers<\/a><\/p><p><a href=\"https:\/\/cdn.shopify.com\/s\/files\/1\/0568\/9989\/5428\/files\/3_X_2_Rectangular_Sticker.pdf?v=1657804199\" target=\"_blank\" title=\"https:\/\/cdn.shopify.com\/s\/files\/1\/0568\/9989\/5428\/files\/3_X_2_Rectangular_Sticker.pdf?v=1657804199\">3\" x 2\" Rectangular Stickers<\/a><\/p><p><a href=\"https:\/\/cdn.shopify.com\/s\/files\/1\/0568\/9989\/5428\/files\/3_X_4_Rectangular_Sticker.pdf?v=1657804199\" target=\"_blank\" title=\"https:\/\/cdn.shopify.com\/s\/files\/1\/0568\/9989\/5428\/files\/3_X_4_Rectangular_Sticker.pdf?v=1657804199\">3\" x 4\" Rectangular Stickers<\/a><\/p><p><a href=\"https:\/\/cdn.shopify.com\/s\/files\/1\/0568\/9989\/5428\/files\/Barrel-Fold_Brochure.pdf?v=1657804199\" target=\"_blank\" title=\"https:\/\/cdn.shopify.com\/s\/files\/1\/0568\/9989\/5428\/files\/Barrel-Fold_Brochure.pdf?v=1657804199\">Roll-Fold Brochures<\/a><\/p><p><a href=\"https:\/\/cdn.shopify.com\/s\/files\/1\/0568\/9989\/5428\/files\/8.5_X_11_Menu.pdf?v=1657804199\" target=\"_blank\" title=\"https:\/\/cdn.shopify.com\/s\/files\/1\/0568\/9989\/5428\/files\/8.5_X_11_Menu.pdf?v=1657804199\">8.5\" x 11\" Menu<\/a><\/p><p><a href=\"https:\/\/cdn.shopify.com\/s\/files\/1\/0568\/9989\/5428\/files\/6_X_4_Postcard.pdf?v=1657804199\" target=\"_blank\" title=\"https:\/\/cdn.shopify.com\/s\/files\/1\/0568\/9989\/5428\/files\/6_X_4_Postcard.pdf?v=1657804199\">6\" x 4\" Post Card<\/a><\/p><p><a href=\"https:\/\/cdn.shopify.com\/s\/files\/1\/0568\/9989\/5428\/files\/4_X_9_Rack_Card.pdf?v=1657804199\" target=\"_blank\" title=\"https:\/\/cdn.shopify.com\/s\/files\/1\/0568\/9989\/5428\/files\/4_X_9_Rack_Card.pdf?v=1657804199\">4\" x 9\" Rack Card<\/a><\/p><p><\/p>","page":""}},"e1df9763-1209-4848-b2aa-a2055630e090":{"type":"collapsible_row","settings":{"heading":"Stickers & Labels","icon":"none","row_content":"<p><\/p><p><a href=\"https:\/\/acrobat.adobe.com\/link\/track?uri=urn:aaid:scds:US:e4cbef32-76df-331a-a13e-729fa9d6e131\" target=\"_blank\" title=\"https:\/\/acrobat.adobe.com\/link\/track?uri=urn:aaid:scds:US:e4cbef32-76df-331a-a13e-729fa9d6e131\">1.5\" Circle Stickers<\/a><\/p><p>3\" Circle Stickers<\/p><p><a href=\"https:\/\/acrobat.adobe.com\/link\/track?uri=urn:aaid:scds:US:5b6fd045-e0df-3738-97a7-a89bb2a0b09e\" target=\"_blank\" title=\"https:\/\/acrobat.adobe.com\/link\/track?uri=urn:aaid:scds:US:5b6fd045-e0df-3738-97a7-a89bb2a0b09e\">3\" x 2\" Rectangular Stickers<\/a><\/p><p><a href=\"https:\/\/acrobat.adobe.com\/link\/track?uri=urn:aaid:scds:US:528e885f-37c7-3c5b-9534-28e814d08402\" target=\"_blank\" title=\"https:\/\/acrobat.adobe.com\/link\/track?uri=urn:aaid:scds:US:528e885f-37c7-3c5b-9534-28e814d08402\">4\" x 3\" Rectangular Stickers<\/a><\/p><p><\/p>","page":""}}},"block_order":["1645198867d94a77e9-0","1645198867d94a77e9-1","1645198867d94a77e9-2","1645198867d94a77e9-3","e1df9763-1209-4848-b2aa-a2055630e090"],"settings":{"caption":"PDF Templates","heading":"","heading_alignment":"left","layout":"row","color_scheme":"background-2","container_color_scheme":"background-1","open_first_collapsible_row":false,"image_ratio":"adapt","desktop_layout":"image_second","padding_top":28,"padding_bottom":68}}},"order":["main","1645198868a3308c27"]}