{"sections":{"main":{"type":"main-page","settings":{"padding_top":56,"padding_bottom":28}},"68e36035-036c-445c-8823-5898d8a6cef6":{"type":"rich-text","disabled":true,"blocks":{"template--15397305122948__68e36035-036c-445c-8823-5898d8a6cef6-16757803880a645fe1-0":{"type":"heading","settings":{"heading":"Main important text to let customers know","heading_size":"h2"}},"template--15397305122948__68e36035-036c-445c-8823-5898d8a6cef6-16757803880a645fe1-1":{"type":"text","settings":{"text":"<p>Specific text with dimnesions and specifications for dpi, size, file formats.<\/p>"}}},"block_order":["template--15397305122948__68e36035-036c-445c-8823-5898d8a6cef6-16757803880a645fe1-0","template--15397305122948__68e36035-036c-445c-8823-5898d8a6cef6-16757803880a645fe1-1"],"settings":{"color_scheme":"background-1","full_width":true,"padding_top":40,"padding_bottom":52}},"1645198868a3308c27":{"type":"collapsible-content","blocks":{"1645198867d94a77e9-0":{"type":"collapsible_row","settings":{"heading":"Business Cards","icon":"none","row_content":"<p><a href=\"https:\/\/cdn.shopify.com\/s\/files\/1\/0568\/9989\/5428\/files\/Artwork_Upload_Templates-BC.pdf?v=1645200383\" target=\"_blank\">Horizontal Business Card<\/a><\/p><p><a href=\"https:\/\/cdn.shopify.com\/s\/files\/1\/0568\/9989\/5428\/files\/Artwork_Upload_Templates-BC-v.pdf?v=1645204111\" target=\"_blank\" title=\"https:\/\/cdn.shopify.com\/s\/files\/1\/0568\/9989\/5428\/files\/Artwork_Upload_Templates-BC-v.pdf?v=1645204111\">Vertical Business Card<\/a><\/p>","page":""}},"1645198867d94a77e9-1":{"type":"collapsible_row","settings":{"heading":"Stickers & Labels","icon":"none","row_content":"<p><a href=\"https:\/\/cdn.shopify.com\/s\/files\/1\/0568\/9989\/5428\/files\/Artwork_Upload_Templates-sticker1.pdf?v=1645200383\" target=\"_blank\" title=\"https:\/\/cdn.shopify.com\/s\/files\/1\/0568\/9989\/5428\/files\/Artwork_Upload_Templates-sticker1.pdf?v=1645200383\">1.5\" Circle Stickers<\/a><\/p><p><a href=\"https:\/\/cdn.shopify.com\/s\/files\/1\/0568\/9989\/5428\/files\/Artwork_Upload_Templates-sticker3.pdf?v=1645200383\" target=\"_blank\" title=\"https:\/\/cdn.shopify.com\/s\/files\/1\/0568\/9989\/5428\/files\/Artwork_Upload_Templates-sticker3.pdf?v=1645200383\">3\" Circle Stickers<\/a><\/p><p><a href=\"https:\/\/cdn.shopify.com\/s\/files\/1\/0568\/9989\/5428\/files\/Artwork_Upload_Templates-sticker2.pdf?v=1645200383\" target=\"_blank\" title=\"https:\/\/cdn.shopify.com\/s\/files\/1\/0568\/9989\/5428\/files\/Artwork_Upload_Templates-sticker2.pdf?v=1645200383\">3\"x2\" Rectangle Stickers<\/a><\/p><p><a href=\"https:\/\/cdn.shopify.com\/s\/files\/1\/0568\/9989\/5428\/files\/Artwork_Upload_Templates-sticker4.pdf?v=1645200383\" target=\"_blank\" title=\"https:\/\/cdn.shopify.com\/s\/files\/1\/0568\/9989\/5428\/files\/Artwork_Upload_Templates-sticker4.pdf?v=1645200383\">2\"x4\" Rectangle Stickers<\/a><\/p>","page":""}},"1645198867d94a77e9-2":{"type":"collapsible_row","settings":{"heading":"Brochures","icon":"none","row_content":"<p><a href=\"https:\/\/cdn.shopify.com\/s\/files\/1\/0568\/9989\/5428\/files\/Artwork_Upload_Templates-brochure.pdf?v=1645200383\" target=\"_blank\" title=\"https:\/\/cdn.shopify.com\/s\/files\/1\/0568\/9989\/5428\/files\/Artwork_Upload_Templates-brochure.pdf?v=1645200383\">Roll Fold Brochure<\/a><\/p>","page":""}},"1645198867d94a77e9-3":{"type":"collapsible_row","settings":{"heading":"Letterhead","icon":"none","row_content":"<p><a href=\"https:\/\/cdn.shopify.com\/s\/files\/1\/0568\/9989\/5428\/files\/Artwork_Upload_Templates-letterhead.pdf?v=1645200383\" target=\"_blank\" title=\"https:\/\/cdn.shopify.com\/s\/files\/1\/0568\/9989\/5428\/files\/Artwork_Upload_Templates-letterhead.pdf?v=1645200383\">Letterhead<\/a><\/p><p><a href=\"https:\/\/cdn.shopify.com\/s\/files\/1\/0568\/9989\/5428\/files\/Artwork_Upload_Templates-envelope_10.pdf?v=1645200383\" target=\"_blank\" title=\"https:\/\/cdn.shopify.com\/s\/files\/1\/0568\/9989\/5428\/files\/Artwork_Upload_Templates-envelope_10.pdf?v=1645200383\">#10 Envelope<\/a><\/p><p><a href=\"https:\/\/cdn.shopify.com\/s\/files\/1\/0568\/9989\/5428\/files\/Artwork_Upload_Templates-envelope_9.pdf?v=1645200383\" target=\"_blank\" title=\"https:\/\/cdn.shopify.com\/s\/files\/1\/0568\/9989\/5428\/files\/Artwork_Upload_Templates-envelope_9.pdf?v=1645200383\">#9 Envelope - Windowed<\/a><\/p>","page":""}},"1fb412f8-5c87-433f-b913-0a3a48105a20":{"type":"collapsible_row","settings":{"heading":"Post Cards","icon":"none","row_content":"<p><a href=\"https:\/\/cdn.shopify.com\/s\/files\/1\/0568\/9989\/5428\/files\/Artwork_Upload_Templates-Post_card.pdf?v=1645200383\" target=\"_blank\" title=\"https:\/\/cdn.shopify.com\/s\/files\/1\/0568\/9989\/5428\/files\/Artwork_Upload_Templates-Post_card.pdf?v=1645200383\">4\"x6\" Post Card<\/a><\/p>","page":""}},"cfd59cdf-573b-4bb2-a68b-57aadc133f4b":{"type":"collapsible_row","settings":{"heading":"Rack Cards","icon":"none","row_content":"<p><a href=\"https:\/\/cdn.shopify.com\/s\/files\/1\/0568\/9989\/5428\/files\/Artwork_Upload_Templates-Rack_card.pdf?v=1645200385\" target=\"_blank\" title=\"https:\/\/cdn.shopify.com\/s\/files\/1\/0568\/9989\/5428\/files\/Artwork_Upload_Templates-Rack_card.pdf?v=1645200385\">4\"x9\" Rack Card<\/a><\/p>","page":""}},"54e79194-3874-47de-aa1b-e14f4f73e8ae":{"type":"collapsible_row","settings":{"heading":"Menus","icon":"none","row_content":"<p><a href=\"https:\/\/cdn.shopify.com\/s\/files\/1\/0568\/9989\/5428\/files\/Artwork_Upload_Templates-letterhead.pdf?v=1645200383\" target=\"_blank\" title=\"https:\/\/cdn.shopify.com\/s\/files\/1\/0568\/9989\/5428\/files\/Artwork_Upload_Templates-letterhead.pdf?v=1645200383\">8.5\"x11\" Menu<\/a><\/p>","page":""}}},"block_order":["1645198867d94a77e9-0","1645198867d94a77e9-1","1645198867d94a77e9-2","1645198867d94a77e9-3","1fb412f8-5c87-433f-b913-0a3a48105a20","cfd59cdf-573b-4bb2-a68b-57aadc133f4b","54e79194-3874-47de-aa1b-e14f4f73e8ae"],"settings":{"caption":"PDF Templates","heading":"","heading_alignment":"left","layout":"row","color_scheme":"background-1","container_color_scheme":"background-2","open_first_collapsible_row":false,"image_ratio":"adapt","desktop_layout":"image_second","padding_top":0,"padding_bottom":36}},"af92454b-47cb-496d-928d-984519dcf396":{"type":"multicolumn","disabled":true,"blocks":{"template--15397305122948__af92454b-47cb-496d-928d-984519dcf396-1675710397d1468e8c-0":{"type":"column","settings":{"image":"shopify:\/\/shop_images\/group_standard_cards.png","title":"","text":"","link_label":"","link":""}},"template--15397305122948__af92454b-47cb-496d-928d-984519dcf396-1675710397d1468e8c-1":{"type":"column","settings":{"title":"Lorem Ipsum","text":"<p>Illustrator (ai.)<\/p><p>PDF <\/p><p>JPEG<\/p>","link_label":"","link":""}}},"block_order":["template--15397305122948__af92454b-47cb-496d-928d-984519dcf396-1675710397d1468e8c-0","template--15397305122948__af92454b-47cb-496d-928d-984519dcf396-1675710397d1468e8c-1"],"settings":{"title":"Lorem Ipsum","image_width":"full","image_ratio":"adapt","column_alignment":"left","background_style":"primary","button_label":"Go to Product Page","button_link":"","swipe_on_mobile":false,"color_scheme":"background-1","padding_top":36,"padding_bottom":36}}},"order":["main","68e36035-036c-445c-8823-5898d8a6cef6","1645198868a3308c27","af92454b-47cb-496d-928d-984519dcf396"]}