{"sections":{"main":{"type":"main-product","blocks":{"vendor":{"type":"text","settings":{"text":"","text_style":"uppercase"}},"title":{"type":"title","settings":{}},"caption":{"type":"text","settings":{"text":"{{ product.metafields.descriptors.subtitle.value }}","text_style":"subtitle"}},"description":{"type":"description","settings":{}},"d1b397a8-4513-4506-83ba-bff387e0e906":{"type":"custom_liquid","settings":{"custom_liquid":""}},"variant_picker":{"type":"variant_picker","settings":{"picker_type":"button"}},"quantity_selector":{"type":"quantity_selector","disabled":true,"settings":{}},"price":{"type":"price","settings":{}},"buy_buttons":{"type":"buy_buttons","settings":{"show_dynamic_checkout":true}},"collapsible-row-2":{"type":"collapsible_tab","disabled":true,"settings":{"heading":"Dimensions","icon":"ruler","content":"<p><\/p><p><\/p>","page":""}},"59cb4e08-843e-42ca-b884-4eb5f859eedc":{"type":"collapsible_tab","disabled":true,"settings":{"heading":"How to Order?","icon":"check_mark","content":"<p>Select your quantity and upload your art file. The click add to cart or Buy it now. <\/p><p>Don't have an art file?  Contact our team for assistance.<\/p>","page":""}},"collapsible-row-0":{"type":"collapsible_tab","settings":{"heading":"Turnaround Time","icon":"stopwatch","content":"<p>5-7 Business Days, not including shipping times.<\/p><p>Graduation Signs 10 Business Days<\/p>","page":""}},"collapsible-row-1":{"type":"collapsible_tab","settings":{"heading":"Shipping & Returns","icon":"truck","content":"<p>All products except signage are shipped via Canada Post Expedited package 3-5 business days.<\/p><p>Signage via local courier service when available.<\/p><p>If you're not satisfied, please contact our customer service team.<\/p>","page":""}},"share":{"type":"share","settings":{"share_label":"Share"}}},"block_order":["vendor","title","caption","description","d1b397a8-4513-4506-83ba-bff387e0e906","variant_picker","quantity_selector","price","buy_buttons","collapsible-row-2","59cb4e08-843e-42ca-b884-4eb5f859eedc","collapsible-row-0","collapsible-row-1","share"],"settings":{"enable_sticky_info":true,"gallery_layout":"thumbnail_slider","media_size":"large","mobile_thumbnails":"hide","hide_variants":true,"enable_video_looping":false,"padding_top":48,"padding_bottom":68}},"16455317527bf16fab":{"type":"image-banner","settings":{"image":"shopify:\/\/shop_images\/Stock_options-pencils-03.png","image_overlay_opacity":0,"image_height":"medium","adapt_height_first_image":true,"desktop_content_position":"middle-center","show_text_box":true,"desktop_content_alignment":"center","color_scheme":"accent-1","mobile_content_alignment":"center","stack_images_on_mobile":true,"show_text_below":true}},"product-recommendations":{"type":"product-recommendations","settings":{"heading":"You may also like","color_scheme":"background-1","image_ratio":"adapt","show_secondary_image":true,"show_vendor":false,"show_rating":false,"padding_top":4,"padding_bottom":12}},"image-with-text":{"type":"image-with-text","blocks":{"image-with-text-0":{"type":"heading","settings":{"heading":"Still Not Finding What You're Looking For?","heading_size":"h2"}},"image-with-text-1":{"type":"text","settings":{"text":"<p><a href=\"\/pages\/contact\" title=\"Contact\">Contact our customer service team. We've got you!<\/a><\/p>","text_style":"body"}}},"block_order":["image-with-text-0","image-with-text-1"],"settings":{"image":"shopify:\/\/shop_images\/Custom_Quotes.png","height":"adapt","desktop_image_width":"small","layout":"text_first","desktop_content_position":"middle","desktop_content_alignment":"left","content_layout":"no-overlap","color_scheme":"accent-2","mobile_content_alignment":"left","padding_top":68,"padding_bottom":68}},"1645550650a2d350ec":{"type":"apps","disabled":true,"settings":{"include_margins":true}}},"order":["main","16455317527bf16fab","product-recommendations","image-with-text","1645550650a2d350ec"]}