{"current":{"colors_solid_button_labels":"#ffffff","colors_accent_1":"#03bfc0","gradient_accent_1":"","colors_accent_2":"#f16b6a","colors_text":"#000000","colors_outline_button_labels":"#03bfc0","colors_background_1":"#ffffff","type_header_font":"modern_no_20_n4","heading_scale":130,"type_body_font":"karla_n4","body_scale":100,"page_width":1200,"spacing_sections":0,"spacing_grid_horizontal":16,"spacing_grid_vertical":16,"buttons_radius":8,"inputs_border_thickness":1,"card_style":"standard","card_image_padding":0,"card_text_alignment":"left","card_color_scheme":"background-2","card_corner_radius":0,"card_shadow_opacity":0,"card_shadow_horizontal_offset":-40,"card_shadow_vertical_offset":-40,"text_boxes_border_thickness":0,"text_boxes_border_opacity":0,"text_boxes_shadow_opacity":0,"media_border_thickness":0,"media_border_opacity":100,"media_shadow_vertical_offset":0,"badge_position":"top left","accent_icons":"text","favicon":"shopify:\/\/shop_images\/Blue_A_-_Advocate.png","checkout_header_image":"shopify:\/\/shop_images\/Checkout_2_GettyImages-1071030302_e41c9cfc-e1cc-440b-b806-2161e4ce7e78.png","checkout_logo_image":"shopify:\/\/shop_images\/Advocate_Print_Shop.png","checkout_logo_position":"left","checkout_heading_font":"Playfair Display","checkout_body_font":"Open Sans","checkout_accent_color":"#03bfc0","checkout_button_color":"#03bfc0","checkout_error_color":"#f16b6a","sections":{"announcement-bar":{"type":"announcement-bar","blocks":{"announcement-bar-0":{"type":"announcement","disabled":true,"settings":{"text":"Welcome!","color_scheme":"background-1","link":""}},"1038fc8e-17c2-4499-924b-2972d050904d":{"type":"announcement","settings":{"text":"Made in Atlantic Canada","color_scheme":"accent-2","link":""}}},"block_order":["announcement-bar-0","1038fc8e-17c2-4499-924b-2972d050904d"],"settings":{}},"header":{"type":"header","settings":{"color_scheme":"accent-1","logo":"shopify:\/\/shop_images\/Advocate_White.png","logo_width":150,"logo_position":"middle-left","menu":"main-menu","show_line_separator":false,"enable_sticky_header":true,"margin_bottom":0}},"footer":{"type":"footer","blocks":{"d7ee6a6d-e0ad-4803-af98-88e3c1f86fcb":{"type":"text","settings":{"heading":"Customer Service","subtext":"<p><strong>Monday - Friday <br\/><\/strong>9am - 5pm AST<\/p><p><strong>Customer Service <br\/><\/strong>1-800-236-9526<\/p><p><strong>Email: <\/strong>shop.help@advocateprinting.com<\/p>"}},"footer-0":{"type":"link_list","settings":{"heading":"About Us etc.","menu":"footer"}},"footer-2":{"type":"text","settings":{"heading":"Our Mission","subtext":"<p>We’re caring Atlantic Canadians dedicated to supporting small business, providing an easy resource at good value for your print needs. From the customer-service representative who receives your order to the person packing your project for shipping, we put in work and attention at every step, so you don’t have to. <\/p><p>We’ve Got This!<\/p>"}}},"block_order":["d7ee6a6d-e0ad-4803-af98-88e3c1f86fcb","footer-0","footer-2"],"settings":{"color_scheme":"background-1","newsletter_enable":false,"newsletter_heading":"Subscribe to our emails","show_social":true,"enable_country_selector":false,"enable_language_selector":false,"payment_enable":true,"margin_top":0,"padding_top":68,"padding_bottom":48}},"main-password-header":{"type":"main-password-header","settings":{}},"main-password-footer":{"type":"main-password-footer","settings":{}}},"content_for_index":[],"blocks":{"3847134708050210359":{"type":"shopify:\/\/apps\/transcy-ai-language-translate\/blocks\/switcher_embed_block\/bce4f1c0-c18c-43b0-b0b2-a1aefaa44573","disabled":false,"settings":{}}}},"presets":{"Default":{"sections":{"announcement-bar":{"type":"announcement-bar","blocks":{"announcement-bar-0":{"type":"announcement","settings":{"color_scheme":"background-1"}}},"block_order":["announcement-bar-0"],"settings":{}},"header":{"type":"header","settings":{"logo_width":90}},"footer":{"type":"footer","blocks":{"footer-0":{"type":"link_list","settings":{}},"footer-1":{"type":"link_list","settings":{"heading":"Info"}},"footer-2":{"type":"text","settings":{"heading":"Our mission"}}},"block_order":["footer-0","footer-1","footer-2"],"settings":{"show_social":true,"enable_country_selector":false,"enable_language_selector":false,"margin_top":48}},"main-password-header":{"type":"main-password-header","settings":{}},"main-password-footer":{"type":"main-password-footer","settings":{}}}}}}